[
	{
		"id": 1,
		"name": "bfields0",
		"email": "jrichards0@kickstarter.com",
		"email_is_public": false
	},
	{
		"id": 2,
		"name": "agreen1",
		"email": "kstone1@gravatar.com",
		"email_is_public": false
	},
	{
		"id": 3,
		"name": "aperkins2",
		"email": "bgilbert2@si.edu",
		"email_is_public": true
	},
	{
		"id": 4,
		"name": "wgilbert3",
		"email": "ehill3@ucoz.ru",
		"email_is_public": false
	},
	{
		"id": 5,
		"name": "lwagner4",
		"email": "acollins4@ovh.net",
		"email_is_public": true
	},
	{
		"id": 6,
		"name": "agreene5",
		"email": "mbrown5@hexun.com",
		"email_is_public": false
	},
	{
		"id": 7,
		"name": "kpierce6",
		"email": "pbennett6@usda.gov",
		"email_is_public": false
	},
	{
		"id": 8,
		"name": "rjohnson7",
		"email": "rrichards7@miibeian.gov.cn",
		"email_is_public": true
	},
	{
		"id": 9,
		"name": "selliott8",
		"email": "jpayne8@moonfruit.com",
		"email_is_public": true
	},
	{
		"id": 10,
		"name": "dwest9",
		"email": "ghowell9@exblog.jp",
		"email_is_public": false
	},
	{
		"id": 11,
		"name": "pberrya",
		"email": "lcolea@narod.ru",
		"email_is_public": false
	},
	{
		"id": 12,
		"name": "jwatkinsb",
		"email": "icookb@amazonaws.com",
		"email_is_public": true
	},
	{
		"id": 13,
		"name": "kblackc",
		"email": "ewillisc@constantcontact.com",
		"email_is_public": false
	},
	{
		"id": 14,
		"name": "cweaverd",
		"email": "awillisd@ocn.ne.jp",
		"email_is_public": false
	},
	{
		"id": 15,
		"name": "lhudsone",
		"email": "jowense@liveinternet.ru",
		"email_is_public": false
	}
]