[
	{
		"title": "Arbeiten",
		"notice": null,
		"start": "2020-02-29T07:00:00.000Z",
		"end": "2020-02-29T11:00:00.000Z",
		"tags": [
			"Arbeit"
		]
	},
	{
		"title": "Mittagspause",
		"notice": "Dabei noch kurz Verpflegung kaufen",
		"start": "2020-02-29T11:00:00.000Z",
		"end": "2020-02-29T12:00:00.000Z",
		"tags": [
			"Familie",
			"Arbeit"
		]
	},
	{
		"title": "Abendessen",
		"notice": null,
		"start": "2020-02-29T17:00:00.000Z",
		"end": "2020-02-29T18:00:00.000Z",
		"tags": [
			"Familie"
		]
	},
	{
		"title": "Sport während der Mittagspause",
		"notice": "Turnhalle",
		"start": "2020-02-29T11:10:00.000Z",
		"end": "2020-02-29T11:50:00.000Z",
		"tags": [
			"Sport"
		]
	},
	{
		"title": "Schlafen gehen",
		"notice": null,
		"start": "2020-02-29T22:00:00.000Z",
		"end": null,
		"tags": []
	},
	{
		"title": "Arbeiten",
		"notice": null,
		"start": "2020-02-29T12:00:00.000Z",
		"end": "2020-02-29T15:00:00.000Z",
		"tags": [
			"Arbeit"
		]
	},
	{
		"title": "Frühstücken",
		"notice": "Frühstück vorbereiten",
		"start": "2020-02-29T06:00:00.000Z",
		"end": "2020-02-29T07:00:00.000Z",
		"tags": [
			"Familie"
		]
	},
	{
		"title": "Feierabendrunde",
		"notice": null,
		"start": "2020-02-29T15:00:00.000Z",
		"end": "2020-02-29T17:00:00.000Z",
		"tags": [
			"Sport"
		]
	}
]
